{"cameraMode":{"drawMode":0,"name":"Shaded","section":"Shading Mode"},"sceneLighting":false,"audioPlay":false,"sceneViewState":{"showFog":true,"showMaterialUpdate":false,"showSkybox":false,"showFlares":true,"showImageEffects":true,"showParticleSystems":true},"in2DMode":false,"pivot":{"x":-4.987781524658203,"y":0.5578799247741699,"z":9.292661666870118},"rotation":{"x":-0.3271706998348236,"y":0.003697712440043688,"z":-0.0012782043777406216,"w":-0.9449571967124939},"size":52.68598937988281,"orthographic":false}