{"cameraMode":{"drawMode":0,"name":"Shaded","section":"Shading Mode"},"sceneLighting":true,"audioPlay":false,"sceneViewState":{"showFog":true,"showMaterialUpdate":false,"showSkybox":true,"showFlares":true,"showImageEffects":true,"showParticleSystems":true},"in2DMode":false,"pivot":{"x":-13.337674140930176,"y":0.5967361330986023,"z":0.5316029191017151},"rotation":{"x":-0.29083311557769778,"y":0.06539088487625122,"z":-0.01992485485970974,"w":-0.9543286561965942},"size":6.717345237731934,"orthographic":false}