{"cameraMode":{"drawMode":0,"name":"Shaded","section":"Shading Mode"},"sceneLighting":false,"audioPlay":false,"sceneViewState":{"showFog":true,"showMaterialUpdate":false,"showSkybox":false,"showFlares":true,"showImageEffects":true,"showParticleSystems":true},"in2DMode":false,"pivot":{"x":0.022499918937683107,"y":0.5355276465415955,"z":0.0783734917640686},"rotation":{"x":-0.24237167835235597,"y":0.0023404795210808517,"z":-0.000582972657866776,"w":-0.9701805114746094},"size":3.5166990756988527,"orthographic":false}