{"cameraMode":{"drawMode":0,"name":"Shaded","section":"Shading Mode"},"sceneLighting":false,"audioPlay":false,"sceneViewState":{"showFog":true,"showMaterialUpdate":false,"showSkybox":false,"showFlares":true,"showImageEffects":true,"showParticleSystems":true},"in2DMode":false,"pivot":{"x":6.627191066741943,"y":-4.808492660522461,"z":25.665042877197267},"rotation":{"x":-0.10657063871622086,"y":0.025944901630282403,"z":-0.0027811184991151096,"w":-0.9939627647399902},"size":36.193172454833987,"orthographic":false}