{"cameraMode":{"drawMode":0,"name":"Shaded","section":"Shading Mode"},"sceneLighting":false,"audioPlay":false,"sceneViewState":{"showFog":true,"showMaterialUpdate":false,"showSkybox":false,"showFlares":true,"showImageEffects":true,"showParticleSystems":true},"in2DMode":false,"pivot":{"x":-0.5455732345581055,"y":0.9148423671722412,"z":62.908321380615237},"rotation":{"x":-0.06326086819171906,"y":0.014068270102143288,"z":-0.0008917055674828589,"w":-0.9978975057601929},"size":42.84857177734375,"orthographic":false}